{"cameraMode":{"drawMode":0,"name":"Shaded","section":"Shading Mode"},"sceneLighting":true,"audioPlay":false,"sceneViewState":{"showFog":true,"showMaterialUpdate":false,"showSkybox":true,"showFlares":true,"showImageEffects":true,"showParticleSystems":true},"in2DMode":false,"pivot":{"x":-0.004251774400472641,"y":0.004754427820444107,"z":0.00430779904127121},"rotation":{"x":-0.7088102698326111,"y":0.00042053108336403966,"z":-0.0004238795372657478,"w":-0.7053989768028259},"size":0.042319685220718387,"orthographic":false}